USE [NODE_TEST]
GO

/****** Data:  Table [nodetest].[EMPRESA] ******/
SET IDENTITY_INSERT [nodetest].[EMPRESA] ON

INSERT [nodetest].[EMPRESA] ([ID_EMPRESA], [EMPRESA], [CNPJ], [PROPRIETARIO], [ATIVO], [DATA_CRIACAO]) VALUES (1, N'ALPHA', 47963554000158, 0, 0, GETDATE())
INSERT [nodetest].[EMPRESA] ([ID_EMPRESA], [EMPRESA], [CNPJ], [PROPRIETARIO], [ATIVO], [DATA_CRIACAO]) VALUES (2, N'BETA', 25508670000144, 0, 1, GETDATE())
INSERT [nodetest].[EMPRESA] ([ID_EMPRESA], [EMPRESA], [CNPJ], [PROPRIETARIO], [ATIVO], [DATA_CRIACAO]) VALUES (3, N'GAMA', 8874578000189, 0, 1, GETDATE())
INSERT [nodetest].[EMPRESA] ([ID_EMPRESA], [EMPRESA], [CNPJ], [PROPRIETARIO], [ATIVO], [DATA_CRIACAO]) VALUES (4, N'DELTA', 60830120000148, 1, 1, GETDATE())
INSERT [nodetest].[EMPRESA] ([ID_EMPRESA], [EMPRESA], [CNPJ], [PROPRIETARIO], [ATIVO], [DATA_CRIACAO]) VALUES (5, N'EPSILON', 90173007000106, 0, 1, GETDATE())

SET IDENTITY_INSERT [nodetest].[EMPRESA] OFF

/****** Data:  Table [nodetest].[FUNCAO] ******/
INSERT [nodetest].[FUNCAO] ([ID_FUNCAO], [FUNCAO], [DESCRICAO]) VALUES (1, N'LST_EMPRESAS', N'Listagem empresas')
INSERT [nodetest].[FUNCAO] ([ID_FUNCAO], [FUNCAO], [DESCRICAO]) VALUES (2, N'EDT_EMPRESAS', N'Edição de empresas')
INSERT [nodetest].[FUNCAO] ([ID_FUNCAO], [FUNCAO], [DESCRICAO]) VALUES (3, N'LST_USUARIOS', N'Listagem usuários')
INSERT [nodetest].[FUNCAO] ([ID_FUNCAO], [FUNCAO], [DESCRICAO]) VALUES (4, N'EDT_USUARIOS', N'Edição de usuários')
INSERT [nodetest].[FUNCAO] ([ID_FUNCAO], [FUNCAO], [DESCRICAO]) VALUES (5, N'EDT_MINHA_SENHA', N'Alterar a própria senha')
INSERT [nodetest].[FUNCAO] ([ID_FUNCAO], [FUNCAO], [DESCRICAO]) VALUES (6, N'EXEC_CALCULO', N'Execução dos cálculos')

/****** Data:  Table [nodetest].[PERFIL] ******/
INSERT [nodetest].[PERFIL] ([ID_PERFIL], [PERFIL]) VALUES (1, N'SUPER')
INSERT [nodetest].[PERFIL] ([ID_PERFIL], [PERFIL]) VALUES (2, N'USUÁRIO')

/****** Data:  Table [nodetest].[PERFIL_FUNCAO] ******/
INSERT [nodetest].[PERFIL_FUNCAO] ([ID_PERFIL], [ID_FUNCAO]) VALUES (1, 1)
INSERT [nodetest].[PERFIL_FUNCAO] ([ID_PERFIL], [ID_FUNCAO]) VALUES (1, 2)
INSERT [nodetest].[PERFIL_FUNCAO] ([ID_PERFIL], [ID_FUNCAO]) VALUES (1, 3)
INSERT [nodetest].[PERFIL_FUNCAO] ([ID_PERFIL], [ID_FUNCAO]) VALUES (1, 4)
INSERT [nodetest].[PERFIL_FUNCAO] ([ID_PERFIL], [ID_FUNCAO]) VALUES (1, 5)
INSERT [nodetest].[PERFIL_FUNCAO] ([ID_PERFIL], [ID_FUNCAO]) VALUES (2, 5)
INSERT [nodetest].[PERFIL_FUNCAO] ([ID_PERFIL], [ID_FUNCAO]) VALUES (2, 6)

/****** Data:  Table [nodetest].[PERFIL_USUARIO] ******/
INSERT [nodetest].[PERFIL_USUARIO] ([ID_PERFIL], [ID_USUARIO]) VALUES (1, 1)
INSERT [nodetest].[PERFIL_USUARIO] ([ID_PERFIL], [ID_USUARIO]) VALUES (1, 2)
INSERT [nodetest].[PERFIL_USUARIO] ([ID_PERFIL], [ID_USUARIO]) VALUES (1, 3)
INSERT [nodetest].[PERFIL_USUARIO] ([ID_PERFIL], [ID_USUARIO]) VALUES (1, 8)
INSERT [nodetest].[PERFIL_USUARIO] ([ID_PERFIL], [ID_USUARIO]) VALUES (1, 40)
INSERT [nodetest].[PERFIL_USUARIO] ([ID_PERFIL], [ID_USUARIO]) VALUES (1, 77)
INSERT [nodetest].[PERFIL_USUARIO] ([ID_PERFIL], [ID_USUARIO]) VALUES (1, 93)
INSERT [nodetest].[PERFIL_USUARIO] ([ID_PERFIL], [ID_USUARIO]) VALUES (2, 1)
INSERT [nodetest].[PERFIL_USUARIO] ([ID_PERFIL], [ID_USUARIO]) VALUES (2, 68)
INSERT [nodetest].[PERFIL_USUARIO] ([ID_PERFIL], [ID_USUARIO]) VALUES (2, 69)
INSERT [nodetest].[PERFIL_USUARIO] ([ID_PERFIL], [ID_USUARIO]) VALUES (2, 70)
INSERT [nodetest].[PERFIL_USUARIO] ([ID_PERFIL], [ID_USUARIO]) VALUES (2, 93)
INSERT [nodetest].[PERFIL_USUARIO] ([ID_PERFIL], [ID_USUARIO]) VALUES (2, 76)
INSERT [nodetest].[PERFIL_USUARIO] ([ID_PERFIL], [ID_USUARIO]) VALUES (2, 77)
INSERT [nodetest].[PERFIL_USUARIO] ([ID_PERFIL], [ID_USUARIO]) VALUES (2, 78)

/****** Data:  Table [nodetest].[USUARIO] ******/
SET IDENTITY_INSERT [nodetest].[USUARIO] ON

INSERT [nodetest].[USUARIO] ([ID_USUARIO], [ID_EMPRESA], [NOME], [EMAIL], [CPF], [SENHA], [SALT], [ATIVO], [DATA_CRIACAO]) VALUES (1, 2, N'JOAQUIM SANTOS', N'jsantos@email.com', 54951163055, N'0970d5775cebc72f1fefb69a1eb8a2d98d9c7fcdbb1378e040be8cf25246aeccbf3f5ab07f2bd5801040595dd38454f609015251678822bb649c7352109af7ff', N'62077', 1, '01-09-2020 09:01:10.380')
INSERT [nodetest].[USUARIO] ([ID_USUARIO], [ID_EMPRESA], [NOME], [EMAIL], [CPF], [SENHA], [SALT], [ATIVO], [DATA_CRIACAO]) VALUES (2, 2, N'MARCIO ARAÚJO', N'maraujo@email.com', 2954417048, N'8d45da886663570f9eae356788ae02ac5edbd9a0cfdad870a7015924361f3f7c3773bb500e47f3ec16d0bc7e8a3bf7d4386c0ef2c77fedff666f8ed1ed84582f', N'44043', 1, '10-09-2020 15:02:11.390')
INSERT [nodetest].[USUARIO] ([ID_USUARIO], [ID_EMPRESA], [NOME], [EMAIL], [CPF], [SENHA], [SALT], [ATIVO], [DATA_CRIACAO]) VALUES (3, 5, N'ENÉIAS CARNEIRO', N'eneias@email2.com', 56918910060, N'a8d38252958ba2c179a72c89af577e9abdd050ba9ea3a697e009c513c6ee72c6892b55e966536055012acb89dc68fc41cf1b1bd0d4aee9cb07385c19fca071db', N'd808b', 1, '11-09-2020 18:03:12.490')
INSERT [nodetest].[USUARIO] ([ID_USUARIO], [ID_EMPRESA], [NOME], [EMAIL], [CPF], [SENHA], [SALT], [ATIVO], [DATA_CRIACAO]) VALUES (8, 1, N'ELEONORA PASCHOAL DOS SANTOS', N'eleonora.paschoal@email.com', 95488238026, N'7c1f069ac995851131301a399c0142e91aed5a459c246bc29bd4c9e0ee53b65675d8cf5596e83070885ca558f68ae02710cb2cd4196d90a6b7e30d7b99fc3208', N'ca254', 1, '06-10-2020 07:05:13.500')
INSERT [nodetest].[USUARIO] ([ID_USUARIO], [ID_EMPRESA], [NOME], [EMAIL], [CPF], [SENHA], [SALT], [ATIVO], [DATA_CRIACAO]) VALUES (40, 5, N'ÉLISON GUSTAVO', N'elison@email23.com', 38772760087, N'e14987ed5cc23cdb56e33c75fcc07860776752b285e51dc319a3afc4ceabdf71d16d72b393400409c2a3965a7bfb41b0a296d00d181a0f63723b9555d7c0378f', N'22032', 1, '07-10-2020 08:30:10.600')
INSERT [nodetest].[USUARIO] ([ID_USUARIO], [ID_EMPRESA], [NOME], [EMAIL], [CPF], [SENHA], [SALT], [ATIVO], [DATA_CRIACAO]) VALUES (68, 2, N'JONNY, O DESORDEIRO', N'jonny@destructor.com', 32124809040, N'8fd4a81099464baa6ff62836e19f60619d1bafd1a991d3f62beab96d95ed2c0e8daeb47a509d4db18b62e05441d8abbaa21865c8824210cff296318fdc01c849', N'ff990', 1, '11-10-2020 09:31:11.710')
INSERT [nodetest].[USUARIO] ([ID_USUARIO], [ID_EMPRESA], [NOME], [EMAIL], [CPF], [SENHA], [SALT], [ATIVO], [DATA_CRIACAO]) VALUES (69, 4, N'ACÁCIO DA SILVA CALEGÁRIO', N'acacio@email.com', 58311353069, N'3d4cb39f83fac6b3da983d43c55cca212007a8d5fcf10c3d0c6575293b7222e350909a52e0a29458947a1e930b9c917c4f342b94d82151bfdc5833c1fa55abf5', N'5243e', 1, '15-10-2020 10:02:12.820')
INSERT [nodetest].[USUARIO] ([ID_USUARIO], [ID_EMPRESA], [NOME], [EMAIL], [CPF], [SENHA], [SALT], [ATIVO], [DATA_CRIACAO]) VALUES (70, 4, N'YONARA MAGALHÃES MENDONÇA', N'yonara@email.com', 64011857084, N'3031d688d667887ca91f2b852ecb1c9c126aee6fed63258aca49b1e15eebd972b62666801d15d8412d4ee508a579c62fb3e52f2ede655856f3a2bb5388e40633', N'f681b', 0, '18-10-2020 23:18:13.530')
INSERT [nodetest].[USUARIO] ([ID_USUARIO], [ID_EMPRESA], [NOME], [EMAIL], [CPF], [SENHA], [SALT], [ATIVO], [DATA_CRIACAO]) VALUES (76, 3, N'YUNA SIQUEIRA SANTOS', N'yuna.siqueira@email.com', 96407945038, N'3a38d60ec01d9c38058aada982a126ba62c3f736c104a232a9598d0a78ce34d8682b626eb697de58d93c50faddec8e7887fbb86f40e832042d629fd6ab05060d', N'e0aa7', 1, '01-11-2020 12:19:25.150')
INSERT [nodetest].[USUARIO] ([ID_USUARIO], [ID_EMPRESA], [NOME], [EMAIL], [CPF], [SENHA], [SALT], [ATIVO], [DATA_CRIACAO]) VALUES (77, 4, N'JOFFREY BARATHEON MAGALHÃES INÁCIO', N'joffrey@email.com', 62756256005, N'65e9dc99c0fdecfa9326499d6fe3c4674a0c402c8f4c3843f0e5b0544e789bb3d48c20f561df5de0bda96b79cb9e79e649299bf3f26d37fad3cb409d2498520d', N'0361f', 1, '02-11-2020 13:08:28.210')
INSERT [nodetest].[USUARIO] ([ID_USUARIO], [ID_EMPRESA], [NOME], [EMAIL], [CPF], [SENHA], [SALT], [ATIVO], [DATA_CRIACAO]) VALUES (78, 1, N'CACIQUE RAONÍ', N'cacique.raoni@emailfloresta.com', 40599454040, N'fad725c64711f559aa7df479907d92bab158ccf15f6820ac86f689673058e683e884e47dc3cddbefc2eb14128cfb0224ee4c2d1eb67b770abee7b637288af868', N'72190', 1, '09-11-2020 05:10:29.300')
INSERT [nodetest].[USUARIO] ([ID_USUARIO], [ID_EMPRESA], [NOME], [EMAIL], [CPF], [SENHA], [SALT], [ATIVO], [DATA_CRIACAO]) VALUES (93, 5, N'AYRTON SENNA DO BRASIL', N'ayrton@vencedor.com', 42331165017, N'cae52d6e890f65c6d1f753f2ee684d6bf73ca303a7371d1888b647b0961c339ead7c7445b4b688c86651fe9163ee09e5cc69737d0a5fc9c17b6faf6be65b0825', N'26333', 1, '11-11-2020 11:02:55.470')

SET IDENTITY_INSERT [nodetest].[USUARIO] OFF
